{"repoSenseVersion":"e0e934436b","reportGeneratedTime":"Sat Apr 3 16:20:05 2021 SGT","reportGenerationTime":" 1 minute(s) 0.62 second(s)","zoneId":"Asia/Singapore","reportTitle":"RepoSense Report","repos":[{"location":{"location":"https://github.com/reposense/testrepo-Charlie.git","repoName":"testrepo-Charlie","organization":"reposense"},"branch":"master","displayName":"reposense/testrepo-Charlie[master]","outputFolderName":"reposense_testrepo-Charlie_master"}],"errorList":[],"sinceDate":"2016-08-07","untilDate":"2021-04-03","isSinceDateProvided":true,"isUntilDateProvided":false}
